Workbook

Sheet BasicTable
A2: OrderDate | B2: Region | C2: City | D2: Category | E2: Product | F2: Quantity | G2: UnitPrice | H2: TotalPrice
A3: 43831 | B3: East | C3: Boston | D3: Bars | E3: Carrot | F3: 33 | G3: 1.77 | H3: =F3*G3 -> 58.41
A4: 43834 | B4: East | C4: Boston | D4: Crackers | E4: Whole Wheat | F4: 87 | G4: 3.49 | H4: =F4*G4 -> 303.63
A5: 43837 | B5: West | C5: Los Angels | D5: Cookies | E5: Chocolate Chip | F5: 58 | G5: 1.87 | H5: =F5*G5 -> 108.46
A6: 43840 | B6: East | C6: New York | D6: Cookies | E6: Chocolate Chip | F6: 82 | G6: 1.87 | H6: =F6*G6 -> 153.34
A7: 43843 | B7: East | C7: Boston | D7: Cookies | E7: Arrowroot | F7: 38 | G7: 2.18 | H7: =F7*G7 -> 82.84
A8: 43846 | B8: East | C8: Boston | D8: Bars | E8: Carrot | F8: 54 | G8: 1.77 | H8: =F8*G8 -> 95.58
A9: 43849 | B9: East | C9: Boston | D9: Crackers | E9: Whole Wheat | F9: 149 | G9: 3.49 | H9: =F9*G9 -> 520.01
A10: 43852 | B10: West | C10: Los Angels | D10: Bars | E10: Carrot | F10: 51 | G10: 1.77 | H10: =F10*G10 -> 90.27
A11: 43855 | B11: East | C11: New York | D11: Bars | E11: Carrot | F11: 100 | G11: 1.77 | H11: =F11*G11 -> 177
A12: 43858 | B12: East | C12: New York | D12: Snacks | E12: Potato Chips | F12: 28 | G12: 1.35 | H12: =F12*G12 -> 37.8
A13: 43861 | B13: East | C13: Boston | D13: Cookies | E13: Arrowroot | F13: 36 | G13: 2.18 | H13: =F13*G13 -> 78.48
A14: 43864 | B14: East | C14: Boston | D14: Cookies | E14: Chocolate Chip | F14: 31 | G14: 1.87 | H14: =F14*G14 -> 57.97
C20: category | D20: totalprice | F20: OrderDate | G20: Region | H20: City | I20: Category | J20: Product | K20: Quantity | L20: UnitPrice | M20: TotalPrice
C21: Bars | D21: =H3+H8+H10+H11 -> 421.26 | F21: 43831 | G21: East | H21: Boston | I21: Bars | J21: Carrot | K21: 33 | L21: 1.77 | M21: 58.41
C22: Crackers | D22: =H4+H9 -> 823.64 | F22: 43834 | G22: East | H22: Boston | I22: Crackers | J22: Whole Wheat | K22: 87 | L22: 3.49 | M22: 303.63
C23: Cookies | D23: =H5+H6+H7+H13+H14 -> 481.09 | F23: 43840 | G23: East | H23: New York | I23: Cookies | J23: Chocolate Chip | K23: 82 | L23: 1.87 | M23: 153.34
C24: Snacks | D24: =H12 -> 37.8 | F24: 43843 | G24: East | H24: Boston | I24: Cookies | J24: Arrowroot | K24: 38 | L24: 2.18 | M24: 82.84
F25: 43846 | G25: East | H25: Boston | I25: Bars | J25: Carrot | K25: 54 | L25: 1.77 | M25: 95.58
F26: 43849 | G26: East | H26: Boston | I26: Crackers | J26: Whole Wheat | K26: 149 | L26: 3.49 | M26: 520.01
F27: 43855 | G27: East | H27: New York | I27: Bars | J27: Carrot | K27: 100 | L27: 1.77 | M27: 177
F28: 43858 | G28: East | H28: New York | I28: Snacks | J28: Potato Chips | K28: 28 | L28: 1.35 | M28: 37.8
F29: 43861 | G29: East | H29: Boston | I29: Cookies | J29: Arrowroot | K29: 36 | L29: 2.18 | M29: 78.48
F30: 43864 | G30: East | H30: Boston | I30: Cookies | J30: Chocolate Chip | K30: 31 | L30: 1.87 | M30: 57.97

Sheet Q1
A2: OrderDate | B2: Region | C2: City | D2: Category | E2: Product | F2: Quantity | G2: Quantity(int) | H2: UnitPrice | I2: UnitPrice(float) | J2: TotalPrice(float)
A3: 43831 | B3: East | C3: Boston | D3: Bars | E3: Carrot | F3: 33 | G3: =INT(F3) -> 33 | H3: 1.77 | I3: =ROUND(H3,2) -> 1.77 | J3: =G3*I3 -> 58.41
A4: 43834 | B4: East | C4: Boston | D4: Crackers | E4: Whole Wheat | F4: 87 | G4: =INT(F4) -> 87 | H4: 3.49 | I4: =ROUND(H4,2) -> 3.49 | J4: =G4*I4 -> 303.63
A5: 43837 | B5: West | C5: Los Angels | D5: Cookies | E5: Chocolate Chip | F5: 58 | G5: =INT(F5) -> 58 | H5: 1.87 | I5: =ROUND(H5,2) -> 1.87 | J5: =G5*I5 -> 108.46
A6: 43840 | B6: East | C6: New York | D6: Cookies | E6: Chocolate Chip | F6: 82 | G6: =INT(F6) -> 82 | H6: 1.87 | I6: =ROUND(H6,2) -> 1.87 | J6: =G6*I6 -> 153.34
A7: 43843 | B7: East | C7: Boston | D7: Cookies | E7: Arrowroot | F7: 38 | G7: =INT(F7) -> 38 | H7: 2.18 | I7: =ROUND(H7,2) -> 2.18 | J7: =G7*I7 -> 82.84
A8: 43846 | B8: East | C8: Boston | D8: Bars | E8: Carrot | F8: 54 | G8: =INT(F8) -> 54 | H8: 1.77 | I8: =ROUND(H8,2) -> 1.77 | J8: =G8*I8 -> 95.58
A9: 43849 | B9: East | C9: Boston | D9: Crackers | E9: Whole Wheat | F9: 149 | G9: =INT(F9) -> 149 | H9: 3.49 | I9: =ROUND(H9,2) -> 3.49 | J9: =G9*I9 -> 520.01
A10: 43852 | B10: West | C10: Los Angels | D10: Bars | E10: Carrot | F10: 51 | G10: =INT(F10) -> 51 | H10: 1.77 | I10: =ROUND(H10,2) -> 1.77 | J10: =G10*I10 -> 90.27
A11: 43855 | B11: East | C11: New York | D11: Bars | E11: Carrot | F11: 100 | G11: =INT(F11) -> 100 | H11: 1.77 | I11: =ROUND(H11,2) -> 1.77 | J11: =G11*I11 -> 177
A12: 43858 | B12: East | C12: New York | D12: Snacks | E12: Potato Chips | F12: 28 | G12: =INT(F12) -> 28 | H12: 1.35 | I12: =ROUND(H12,2) -> 1.35 | J12: =G12*I12 -> 37.8
A13: 43861 | B13: East | C13: Boston | D13: Cookies | E13: Arrowroot | F13: 36 | G13: =INT(F13) -> 36 | H13: 2.18 | I13: =ROUND(H13,2) -> 2.18 | J13: =G13*I13 -> 78.48
A14: 43864 | B14: East | C14: Boston | D14: Cookies | E14: Chocolate Chip | F14: 31 | G14: =INT(F14) -> 31 | H14: 1.87 | I14: =ROUND(H14,2) -> 1.87 | J14: =G14*I14 -> 57.97

Sheet Q2
B1: Q2-1
A2: OrderDate | B2: Region | C2: City | D2: Category | E2: Product | F2: Quantity | G2: Quantity(int) | H2: UnitPrice | I2: UnitPrice(float) | J2: TotalPrice(float)
A3: 43831 | B3: East | C3: Boston | D3: Bars | E3: Carrot | F3: 33 | G3: =INT(F3) -> 33 | H3: 1.77 | I3: =ROUND(H3,2) -> 1.77 | J3: =G3*I3 -> 58.41
A4: 43834 | B4: East | C4: Boston | D4: Crackers | E4: Whole Wheat | F4: 87 | G4: =INT(F4) -> 87 | H4: 3.49 | I4: =ROUND(H4,2) -> 3.49 | J4: =G4*I4 -> 303.63
A5: 43837 | B5: West | C5: Los Angels | D5: Cookies | E5: Chocolate Chip | F5: 58 | G5: =INT(F5) -> 58 | H5: 1.87 | I5: =ROUND(H5,2) -> 1.87 | J5: =G5*I5 -> 108.46
A6: 43840 | B6: East | C6: New York | D6: Cookies | E6: Chocolate Chip | F6: 82 | G6: =INT(F6) -> 82 | H6: 1.87 | I6: =ROUND(H6,2) -> 1.87 | J6: =G6*I6 -> 153.34
A7: 43843 | B7: East | C7: Boston | D7: Cookies | E7: Arrowroot | F7: 38 | G7: =INT(F7) -> 38 | H7: 2.18 | I7: =ROUND(H7,2) -> 2.18 | J7: =G7*I7 -> 82.84
A8: 43846 | B8: East | C8: Boston | D8: Bars | E8: Carrot | F8: 54 | G8: =INT(F8) -> 54 | H8: 1.77 | I8: =ROUND(H8,2) -> 1.77 | J8: =G8*I8 -> 95.58
A9: 43849 | B9: East | C9: Boston | D9: Crackers | E9: Whole Wheat | F9: 149 | G9: =INT(F9) -> 149 | H9: 3.49 | I9: =ROUND(H9,2) -> 3.49 | J9: =G9*I9 -> 520.01
A10: 43852 | B10: West | C10: Los Angels | D10: Bars | E10: Carrot | F10: 51 | G10: =INT(F10) -> 51 | H10: 1.77 | I10: =ROUND(H10,2) -> 1.77 | J10: =G10*I10 -> 90.27
A11: 43855 | B11: East | C11: New York | D11: Bars | E11: Carrot | F11: 100 | G11: =INT(F11) -> 100 | H11: 1.77 | I11: =ROUND(H11,2) -> 1.77 | J11: =G11*I11 -> 177
A12: 43858 | B12: East | C12: New York | D12: Snacks | E12: Potato Chips | F12: 28 | G12: =INT(F12) -> 28 | H12: 1.35 | I12: =ROUND(H12,2) -> 1.35 | J12: =G12*I12 -> 37.8
A13: 43861 | B13: East | C13: Boston | D13: Cookies | E13: Arrowroot | F13: 36 | G13: =INT(F13) -> 36 | H13: 2.18 | I13: =ROUND(H13,2) -> 2.18 | J13: =G13*I13 -> 78.48
A14: 43864 | B14: East | C14: Boston | D14: Cookies | E14: Chocolate Chip | F14: 31 | G14: =INT(F14) -> 31 | H14: 1.87 | I14: =ROUND(H14,2) -> 1.87 | J14: =G14*I14 -> 57.97

Sheet Q2 (2)
A2: OrderDate | B2: Region | C2: City | D2: Category | E2: Product | F2: Quantity | G2: Quantity(int) | H2: UnitPrice | I2: UnitPrice(float) | J2: TotalPrice(float)
A3: 43831 | B3: East | C3: Boston | D3: Bars | E3: Carrot | F3: 33 | G3: =INT(F3) -> 33 | H3: 1.77 | I3: =ROUND(H3,2) -> 1.77 | J3: =G3*I3 -> 58.41
A4: 43834 | B4: East | C4: Boston | D4: Crackers | E4: Whole Wheat | F4: 87 | G4: =INT(F4) -> 87 | H4: 3.49 | I4: =ROUND(H4,2) -> 3.49 | J4: =G4*I4 -> 303.63
A5: 43837 | B5: West | C5: Los Angels | D5: Cookies | E5: Chocolate Chip | F5: 58 | G5: =INT(F5) -> 58 | H5: 1.87 | I5: =ROUND(H5,2) -> 1.87 | J5: =G5*I5 -> 108.46
A6: 43840 | B6: East | C6: New York | D6: Cookies | E6: Chocolate Chip | F6: 82 | G6: =INT(F6) -> 82 | H6: 1.87 | I6: =ROUND(H6,2) -> 1.87 | J6: =G6*I6 -> 153.34
A7: 43843 | B7: East | C7: Boston | D7: Cookies | E7: Arrowroot | F7: 38 | G7: =INT(F7) -> 38 | H7: 2.18 | I7: =ROUND(H7,2) -> 2.18 | J7: =G7*I7 -> 82.84
A8: 43846 | B8: East | C8: Boston | D8: Bars | E8: Carrot | F8: 54 | G8: =INT(F8) -> 54 | H8: 1.77 | I8: =ROUND(H8,2) -> 1.77 | J8: =G8*I8 -> 95.58
A9: 43849 | B9: East | C9: Boston | D9: Crackers | E9: Whole Wheat | F9: 149 | G9: =INT(F9) -> 149 | H9: 3.49 | I9: =ROUND(H9,2) -> 3.49 | J9: =G9*I9 -> 520.01
A10: 43852 | B10: West | C10: Los Angels | D10: Bars | E10: Carrot | F10: 51 | G10: =INT(F10) -> 51 | H10: 1.77 | I10: =ROUND(H10,2) -> 1.77 | J10: =G10*I10 -> 90.27
A11: 43855 | B11: East | C11: New York | D11: Bars | E11: Carrot | F11: 100 | G11: =INT(F11) -> 100 | H11: 1.77 | I11: =ROUND(H11,2) -> 1.77 | J11: =G11*I11 -> 177
A12: 43858 | B12: East | C12: New York | D12: Snacks | E12: Potato Chips | F12: 28 | G12: =INT(F12) -> 28 | H12: 1.35 | I12: =ROUND(H12,2) -> 1.35 | J12: =G12*I12 -> 37.8
A13: 43861 | B13: East | C13: Boston | D13: Cookies | E13: Arrowroot | F13: 36 | G13: =INT(F13) -> 36 | H13: 2.18 | I13: =ROUND(H13,2) -> 2.18 | J13: =G13*I13 -> 78.48
A14: 43864 | B14: East | C14: Boston | D14: Cookies | E14: Chocolate Chip | F14: 31 | G14: =INT(F14) -> 31 | H14: 1.87 | I14: =ROUND(H14,2) -> 1.87 | J14: =G14*I14 -> 57.97
B17: Q2-2 | C17: Item | D17: totalprice
C18: Bars | D18: =J3+J8+J10+J11 -> 421.26
C19: Crackers | D19: =J4+J9 -> 823.64
C20: Cookies | D20: =J5+J6+J7+J13+J14 -> 481.09
C21: Snacks | D21: =J12 -> 37.8

Sheet Q2 (3)
A2: OrderDate | B2: Region | C2: City | D2: Category | E2: Product | F2: Quantity | G2: Quantity(int) | H2: UnitPrice | I2: UnitPrice(float) | J2: TotalPrice(float) | L2: Q2-3
A3: 43831 | B3: East | C3: Boston | D3: Bars | E3: Carrot | F3: 33 | G3: =INT(F3) -> 33 | H3: 1.77 | I3: =ROUND(H3,2) -> 1.77 | J3: =G3*I3 -> 58.41 | L3: TotalPriceforBoston | M3: =J3+J4+J7+J8+J9+J13+J14 -> 1196.92
A4: 43834 | B4: East | C4: Boston | D4: Crackers | E4: Whole Wheat | F4: 87 | G4: =INT(F4) -> 87 | H4: 3.49 | I4: =ROUND(H4,2) -> 3.49 | J4: =G4*I4 -> 303.63 | L4: TotalPriceforNewYork | M4: =J6+J11+J12 -> 368.14
A5: 43837 | B5: West | C5: Los Angels | D5: Cookies | E5: Chocolate Chip | F5: 58 | G5: =INT(F5) -> 58 | H5: 1.87 | I5: =ROUND(H5,2) -> 1.87 | J5: =G5*I5 -> 108.46
A6: 43840 | B6: East | C6: New York | D6: Cookies | E6: Chocolate Chip | F6: 82 | G6: =INT(F6) -> 82 | H6: 1.87 | I6: =ROUND(H6,2) -> 1.87 | J6: =G6*I6 -> 153.34
A7: 43843 | B7: East | C7: Boston | D7: Cookies | E7: Arrowroot | F7: 38 | G7: =INT(F7) -> 38 | H7: 2.18 | I7: =ROUND(H7,2) -> 2.18 | J7: =G7*I7 -> 82.84
A8: 43846 | B8: East | C8: Boston | D8: Bars | E8: Carrot | F8: 54 | G8: =INT(F8) -> 54 | H8: 1.77 | I8: =ROUND(H8,2) -> 1.77 | J8: =G8*I8 -> 95.58
A9: 43849 | B9: East | C9: Boston | D9: Crackers | E9: Whole Wheat | F9: 149 | G9: =INT(F9) -> 149 | H9: 3.49 | I9: =ROUND(H9,2) -> 3.49 | J9: =G9*I9 -> 520.01
A10: 43852 | B10: West | C10: Los Angels | D10: Bars | E10: Carrot | F10: 51 | G10: =INT(F10) -> 51 | H10: 1.77 | I10: =ROUND(H10,2) -> 1.77 | J10: =G10*I10 -> 90.27
A11: 43855 | B11: East | C11: New York | D11: Bars | E11: Carrot | F11: 100 | G11: =INT(F11) -> 100 | H11: 1.77 | I11: =ROUND(H11,2) -> 1.77 | J11: =G11*I11 -> 177
A12: 43858 | B12: East | C12: New York | D12: Snacks | E12: Potato Chips | F12: 28 | G12: =INT(F12) -> 28 | H12: 1.35 | I12: =ROUND(H12,2) -> 1.35 | J12: =G12*I12 -> 37.8
A13: 43861 | B13: East | C13: Boston | D13: Cookies | E13: Arrowroot | F13: 36 | G13: =INT(F13) -> 36 | H13: 2.18 | I13: =ROUND(H13,2) -> 2.18 | J13: =G13*I13 -> 78.48
A14: 43864 | B14: East | C14: Boston | D14: Cookies | E14: Chocolate Chip | F14: 31 | G14: =INT(F14) -> 31 | H14: 1.87 | I14: =ROUND(H14,2) -> 1.87 | J14: =G14*I14 -> 57.97

Sheet Q2 (4)
M1: Q2-4
A2: OrderDate | B2: Region | C2: City | D2: Category | E2: Product | F2: Quantity | G2: Quantity(int) | H2: UnitPrice | I2: UnitPrice(float) | J2: TotalPrice(float) | K2: West | L2: Carrot | M2: WestCarrot
A3: 43831 | B3: East | C3: Boston | D3: Bars | E3: Carrot | F3: 33 | G3: =INT(F3) -> 33 | H3: 1.77 | I3: =ROUND(H3,2) -> 1.77 | J3: =G3*I3 -> 58.41 | K3: =IF(B3="West",1,0) -> 0 | L3: =IF(E3="Carrot",1) -> 1 | M3: =IF(K3=L3,1) -> FALSE | N3: TotalPriceforBoston | O3: =J3+J4+J7+J8+J9+J13+J14 -> 1196.92
A4: 43834 | B4: East | C4: Boston | D4: Crackers | E4: Whole Wheat | F4: 87 | G4: =INT(F4) -> 87 | H4: 3.49 | I4: =ROUND(H4,2) -> 3.49 | J4: =G4*I4 -> 303.63 | K4: =IF(B4="West",1,0) -> 0 | L4: =IF(E4="Carrot",1) -> FALSE | M4: =IF(K4=L4,1) -> FALSE | N4: TotalPriceforNewYork | O4: =J6+J11+J12 -> 368.14
A5: 43837 | B5: West | C5: Los Angels | D5: Cookies | E5: Chocolate Chip | F5: 58 | G5: =INT(F5) -> 58 | H5: 1.87 | I5: =ROUND(H5,2) -> 1.87 | J5: =G5*I5 -> 108.46 | K5: =IF(B5="West",1,0) -> 1 | L5: =IF(E5="Carrot",1) -> FALSE | M5: =IF(K5=L5,1) -> FALSE
A6: 43840 | B6: East | C6: New York | D6: Cookies | E6: Chocolate Chip | F6: 82 | G6: =INT(F6) -> 82 | H6: 1.87 | I6: =ROUND(H6,2) -> 1.87 | J6: =G6*I6 -> 153.34 | K6: =IF(B6="West",1,0) -> 0 | L6: =IF(E6="Carrot",1) -> FALSE | M6: =IF(K6=L6,1) -> FALSE
A7: 43843 | B7: East | C7: Boston | D7: Cookies | E7: Arrowroot | F7: 38 | G7: =INT(F7) -> 38 | H7: 2.18 | I7: =ROUND(H7,2) -> 2.18 | J7: =G7*I7 -> 82.84 | K7: =IF(B7="West",1,0) -> 0 | L7: =IF(E7="Carrot",1) -> FALSE | M7: =IF(K7=L7,1) -> FALSE
A8: 43846 | B8: East | C8: Boston | D8: Bars | E8: Carrot | F8: 54 | G8: =INT(F8) -> 54 | H8: 1.77 | I8: =ROUND(H8,2) -> 1.77 | J8: =G8*I8 -> 95.58 | K8: =IF(B8="West",1,0) -> 0 | L8: =IF(E8="Carrot",1) -> 1 | M8: =IF(K8=L8,1) -> FALSE
A9: 43849 | B9: East | C9: Boston | D9: Crackers | E9: Whole Wheat | F9: 149 | G9: =INT(F9) -> 149 | H9: 3.49 | I9: =ROUND(H9,2) -> 3.49 | J9: =G9*I9 -> 520.01 | K9: =IF(B9="West",1,0) -> 0 | L9: =IF(E9="Carrot",1) -> FALSE | M9: =IF(K9=L9,1) -> FALSE
A10: 43852 | B10: West | C10: Los Angels | D10: Bars | E10: Carrot | F10: 51 | G10: =INT(F10) -> 51 | H10: 1.77 | I10: =ROUND(H10,2) -> 1.77 | J10: =G10*I10 -> 90.27 | K10: =IF(B10="West",1,0) -> 1 | L10: =IF(E10="Carrot",1) -> 1 | M10: =IF(K10=L10,1) -> 1
A11: 43855 | B11: East | C11: New York | D11: Bars | E11: Carrot | F11: 100 | G11: =INT(F11) -> 100 | H11: 1.77 | I11: =ROUND(H11,2) -> 1.77 | J11: =G11*I11 -> 177 | K11: =IF(B11="West",1,0) -> 0 | L11: =IF(E11="Carrot",1) -> 1 | M11: =IF(K11=L11,1) -> FALSE
A12: 43858 | B12: East | C12: New York | D12: Snacks | E12: Potato Chips | F12: 28 | G12: =INT(F12) -> 28 | H12: 1.35 | I12: =ROUND(H12,2) -> 1.35 | J12: =G12*I12 -> 37.8 | K12: =IF(B12="West",1,0) -> 0 | L12: =IF(E12="Carrot",1) -> FALSE | M12: =IF(K12=L12,1) -> FALSE
A13: 43861 | B13: East | C13: Boston | D13: Cookies | E13: Arrowroot | F13: 36 | G13: =INT(F13) -> 36 | H13: 2.18 | I13: =ROUND(H13,2) -> 2.18 | J13: =G13*I13 -> 78.48 | K13: =IF(B13="West",1,0) -> 0 | L13: =IF(E13="Carrot",1) -> FALSE | M13: =IF(K13=L13,1) -> FALSE
A14: 43864 | B14: East | C14: Boston | D14: Cookies | E14: Chocolate Chip | F14: 31 | G14: =INT(F14) -> 31 | H14: 1.87 | I14: =ROUND(H14,2) -> 1.87 | J14: =G14*I14 -> 57.97 | K14: =IF(B14="West",1,0) -> 0 | L14: =IF(E14="Carrot",1) -> FALSE | M14: =IF(K14=L14,1) -> FALSE

Sheet Q2 (5)
A2: OrderDate | B2: Region | C2: City | D2: Category | E2: Product | F2: Quantity | G2: Quantity(int) | H2: Q2-6 | J2: UnitPrice | K2: UnitPrice(float) | L2: TotalPrice(float) | M2: city | N2: quantity>20 | O2: Q2-5
A3: 43831 | B3: East | C3: Boston | D3: Bars | E3: Carrot | F3: 33 | G3: =INT(F3) -> 33 | H3: Min | I3: =MIN(G3:G14) -> 28 | J3: 1.77 | K3: =ROUND(J3,2) -> 1.77 | L3: =G3*K3 -> 58.41 | M3: =IF(C3="Boston",1) -> 1 | N3: =IF('Q2 (5)'!G3>20,1) -> 1 | O3: =IF(M3=N3,1) -> 1
A4: 43834 | B4: East | C4: Boston | D4: Crackers | E4: Whole Wheat | F4: 87 | G4: =INT(F4) -> 87 | H4: Max | I4: =MAX(G3:G14) -> 149 | J4: 3.49 | K4: =ROUND(J4,2) -> 3.49 | L4: =G4*K4 -> 303.63 | M4: =IF(C4="Boston",1) -> 1 | N4: =IF('Q2 (5)'!G4>20,1) -> 1 | O4: =IF(M4=N4,1) -> 1
A5: 43837 | B5: West | C5: Los Angels | D5: Cookies | E5: Chocolate Chip | F5: 58 | G5: =INT(F5) -> 58 | J5: 1.87 | K5: =ROUND(J5,2) -> 1.87 | L5: =G5*K5 -> 108.46 | M5: =IF(C5="Boston",1) -> FALSE | N5: =IF('Q2 (5)'!G5>20,1) -> 1 | O5: =IF(M5=N5,1) -> FALSE
A6: 43840 | B6: East | C6: New York | D6: Cookies | E6: Chocolate Chip | F6: 82 | G6: =INT(F6) -> 82 | J6: 1.87 | K6: =ROUND(J6,2) -> 1.87 | L6: =G6*K6 -> 153.34 | M6: =IF(C6="Boston",1) -> FALSE | N6: =IF('Q2 (5)'!G6>20,1) -> 1 | O6: =IF(M6=N6,1) -> FALSE
A7: 43843 | B7: East | C7: Boston | D7: Cookies | E7: Arrowroot | F7: 38 | G7: =INT(F7) -> 38 | J7: 2.18 | K7: =ROUND(J7,2) -> 2.18 | L7: =G7*K7 -> 82.84 | M7: =IF(C7="Boston",1) -> 1 | N7: =IF('Q2 (5)'!G7>20,1) -> 1 | O7: =IF(M7=N7,1) -> 1
A8: 43846 | B8: East | C8: Boston | D8: Bars | E8: Carrot | F8: 54 | G8: =INT(F8) -> 54 | J8: 1.77 | K8: =ROUND(J8,2) -> 1.77 | L8: =G8*K8 -> 95.58 | M8: =IF(C8="Boston",1) -> 1 | N8: =IF('Q2 (5)'!G8>20,1) -> 1 | O8: =IF(M8=N8,1) -> 1
A9: 43849 | B9: East | C9: Boston | D9: Crackers | E9: Whole Wheat | F9: 149 | G9: =INT(F9) -> 149 | J9: 3.49 | K9: =ROUND(J9,2) -> 3.49 | L9: =G9*K9 -> 520.01 | M9: =IF(C9="Boston",1) -> 1 | N9: =IF('Q2 (5)'!G9>20,1) -> 1 | O9: =IF(M9=N9,1) -> 1
A10: 43852 | B10: West | C10: Los Angels | D10: Bars | E10: Carrot | F10: 51 | G10: =INT(F10) -> 51 | J10: 1.77 | K10: =ROUND(J10,2) -> 1.77 | L10: =G10*K10 -> 90.27 | M10: =IF(C10="Boston",1) -> FALSE | N10: =IF('Q2 (5)'!G10>20,1) -> 1 | O10: =IF(M10=N10,1) -> FALSE
A11: 43855 | B11: East | C11: New York | D11: Bars | E11: Carrot | F11: 100 | G11: =INT(F11) -> 100 | J11: 1.77 | K11: =ROUND(J11,2) -> 1.77 | L11: =G11*K11 -> 177 | M11: =IF(C11="Boston",1) -> FALSE | N11: =IF('Q2 (5)'!G11>20,1) -> 1 | O11: =IF(M11=N11,1) -> FALSE
A12: 43858 | B12: East | C12: New York | D12: Snacks | E12: Potato Chips | F12: 28 | G12: =INT(F12) -> 28 | J12: 1.35 | K12: =ROUND(J12,2) -> 1.35 | L12: =G12*K12 -> 37.8 | M12: =IF(C12="Boston",1) -> FALSE | N12: =IF('Q2 (5)'!G12>20,1) -> 1 | O12: =IF(M12=N12,1) -> FALSE
A13: 43861 | B13: East | C13: Boston | D13: Cookies | E13: Arrowroot | F13: 36 | G13: =INT(F13) -> 36 | J13: 2.18 | K13: =ROUND(J13,2) -> 2.18 | L13: =G13*K13 -> 78.48 | M13: =IF(C13="Boston",1) -> 1 | N13: =IF('Q2 (5)'!G13>20,1) -> 1 | O13: =IF(M13=N13,1) -> 1
A14: 43864 | B14: East | C14: Boston | D14: Cookies | E14: Chocolate Chip | F14: 31 | G14: =INT(F14) -> 31 | J14: 1.87 | K14: =ROUND(J14,2) -> 1.87 | L14: =G14*K14 -> 57.97 | M14: =IF(C14="Boston",1) -> 1 | N14: =IF('Q2 (5)'!G14>20,1) -> 1 | O14: =IF(M14=N14,1) -> 1
D23: Product | E23: Quantity | F23: Quantity(int) | G23: UnitPrice | J23: UnitPrice(float) | K23: TotalPrice(float)
D24: Carrot | E24: 33 | F24: 33 | G24: 1.77 | J24: 1.77 | K24: 58.41
D25: Arrowroot | E25: 38 | F25: 38 | G25: 2.18 | J25: 2.18 | K25: 82.84
D26: Carrot | E26: 54 | F26: 54 | G26: 1.77 | J26: 1.77 | K26: 95.58
D27: Carrot | E27: 51 | F27: 51 | G27: 1.77 | J27: 1.77 | K27: 90.27
D28: Carrot | E28: 100 | F28: 100 | G28: 1.77 | J28: 1.77 | K28: 177
D29: Arrowroot | E29: 36 | F29: 36 | G29: 2.18 | J29: 2.18 | K29: 78.48
G30: Q2-7 | J30: totalforVe | K30: =SUM(K24:K29) -> 582.58

Sheet Q2 (6)
A2: OrderDate | B2: Region | C2: City | D2: Category | E2: Product | F2: Quantity | G2: Quantity(int) | H2: UnitPrice | I2: UnitPrice(float) | J2: TotalPrice(float)
A3: 43831 | B3: East | C3: Boston | D3: Bars | E3: Carrot | F3: 33 | G3: =INT(F3) -> 33 | H3: 1.77 | I3: =ROUND(H3,2) -> 1.77 | J3: =G3*I3 -> 58.41
A4: 43834 | B4: East | C4: Boston | D4: Crackers | E4: Whole Wheat | F4: 87 | G4: =INT(F4) -> 87 | H4: 3.49 | I4: =ROUND(H4,2) -> 3.49 | J4: =G4*I4 -> 303.63
A5: 43837 | B5: West | C5: Los Angels | D5: Cookies | E5: Chocolate Chip | F5: 58 | G5: =INT(F5) -> 58 | H5: 1.87 | I5: =ROUND(H5,2) -> 1.87 | J5: =G5*I5 -> 108.46
A6: 43840 | B6: East | C6: New York | D6: Cookies | E6: Chocolate Chip | F6: 82 | G6: =INT(F6) -> 82 | H6: 1.87 | I6: =ROUND(H6,2) -> 1.87 | J6: =G6*I6 -> 153.34
A7: 43843 | B7: East | C7: Boston | D7: Cookies | E7: Arrowroot | F7: 38 | G7: =INT(F7) -> 38 | H7: 2.18 | I7: =ROUND(H7,2) -> 2.18 | J7: =G7*I7 -> 82.84
A8: 43846 | B8: East | C8: Boston | D8: Bars | E8: Carrot | F8: 54 | G8: =INT(F8) -> 54 | H8: 1.77 | I8: =ROUND(H8,2) -> 1.77 | J8: =G8*I8 -> 95.58
A9: 43849 | B9: East | C9: Boston | D9: Crackers | E9: Whole Wheat | F9: 149 | G9: =INT(F9) -> 149 | H9: 3.49 | I9: =ROUND(H9,2) -> 3.49 | J9: =G9*I9 -> 520.01
A10: 43852 | B10: West | C10: Los Angels | D10: Bars | E10: Carrot | F10: 51 | G10: =INT(F10) -> 51 | H10: 1.77 | I10: =ROUND(H10,2) -> 1.77 | J10: =G10*I10 -> 90.27
A11: 43855 | B11: East | C11: New York | D11: Bars | E11: Carrot | F11: 100 | G11: =INT(F11) -> 100 | H11: 1.77 | I11: =ROUND(H11,2) -> 1.77 | J11: =G11*I11 -> 177
A12: 43858 | B12: East | C12: New York | D12: Snacks | E12: Potato Chips | F12: 28 | G12: =INT(F12) -> 28 | H12: 1.35 | I12: =ROUND(H12,2) -> 1.35 | J12: =G12*I12 -> 37.8
A13: 43861 | B13: East | C13: Boston | D13: Cookies | E13: Arrowroot | F13: 36 | G13: =INT(F13) -> 36 | H13: 2.18 | I13: =ROUND(H13,2) -> 2.18 | J13: =G13*I13 -> 78.48
A14: 43864 | B14: East | C14: Boston | D14: Cookies | E14: Chocolate Chip | F14: 31 | G14: =INT(F14) -> 31 | H14: 1.87 | I14: =ROUND(H14,2) -> 1.87 | J14: =G14*I14 -> 57.97
F18: Average price
D19: Q2-11 | E19: Crackers | F19: =J28/G28 -> 1.9636327
E20: Cookies | F20: =J33/G33 -> 3.49
A22: OrderDate | B22: Region | C22: City | D22: Category | E22: Product | F22: Quantity | G22: Quantity(int) | H22: UnitPrice | I22: UnitPrice(float) | J22: TotalPrice(float)
A23: 43837 | B23: West | C23: Los Angels | D23: Cookies | E23: Chocolate Chip | F23: 58 | G23: 58 | H23: 1.87 | I23: 1.87 | J23: 108.46
A24: 43840 | B24: East | C24: New York | D24: Cookies | E24: Chocolate Chip | F24: 82 | G24: 82 | H24: 1.87 | I24: 1.87 | J24: 153.34
A25: 43843 | B25: East | C25: Boston | D25: Cookies | E25: Arrowroot | F25: 38 | G25: 38 | H25: 2.18 | I25: 2.18 | J25: 82.84
A26: 43861 | B26: East | C26: Boston | D26: Cookies | E26: Arrowroot | F26: 36 | G26: 36 | H26: 2.18 | I26: 2.18 | J26: 78.48
A27: 43864 | B27: East | C27: Boston | D27: Cookies | E27: Chocolate Chip | F27: 31 | G27: 31 | H27: 1.87 | I27: 1.87 | J27: 57.97
G28: =SUM(G23:G27) -> 245 | J28: =SUM(J23:J27) -> 481.09
A30: OrderDate | B30: Region | C30: City | D30: Category | E30: Product | F30: Quantity | G30: Quantity(int) | H30: UnitPrice | I30: UnitPrice(float) | J30: TotalPrice(float)
A31: 43834 | B31: East | C31: Boston | D31: Crackers | E31: Whole Wheat | F31: 87 | G31: 87 | H31: 3.49 | I31: 3.49 | J31: 303.63
A32: 43849 | B32: East | C32: Boston | D32: Crackers | E32: Whole Wheat | F32: 149 | G32: 149 | H32: 3.49 | I32: 3.49 | J32: 520.01
G33: =SUM(G31:G32) -> 236 | J33: =SUM(J31:J32) -> 823.64

Sheet Q2 (8)
A2: OrderDate | B2: Region | C2: City | D2: Category | E2: Product | F2: Quantity | G2: Quantity(int) | I2: UnitPrice | J2: UnitPrice(float) | K2: TotalPrice(float)
A3: 43831 | B3: East | C3: Boston | D3: Bars | E3: Carrot | F3: 33 | G3: =INT(F3) -> 33 | I3: 1.77 | J3: =ROUND(I3,2) -> 1.77 | K3: =G3*J3 -> 58.41
A4: 43834 | B4: East | C4: Boston | D4: Crackers | E4: Whole Wheat | F4: 87 | G4: =INT(F4) -> 87 | I4: 3.49 | J4: =ROUND(I4,2) -> 3.49 | K4: =G4*J4 -> 303.63
A5: 43837 | B5: West | C5: Los Angels | D5: Cookies | E5: Chocolate Chip | F5: 58 | G5: =INT(F5) -> 58 | I5: 1.87 | J5: =ROUND(I5,2) -> 1.87 | K5: =G5*J5 -> 108.46
A6: 43840 | B6: East | C6: New York | D6: Cookies | E6: Chocolate Chip | F6: 82 | G6: =INT(F6) -> 82 | I6: 1.87 | J6: =ROUND(I6,2) -> 1.87 | K6: =G6*J6 -> 153.34
A7: 43843 | B7: East | C7: Boston | D7: Cookies | E7: Arrowroot | F7: 38 | G7: =INT(F7) -> 38 | I7: 2.18 | J7: =ROUND(I7,2) -> 2.18 | K7: =G7*J7 -> 82.84
A8: 43846 | B8: East | C8: Boston | D8: Bars | E8: Carrot | F8: 54 | G8: =INT(F8) -> 54 | I8: 1.77 | J8: =ROUND(I8,2) -> 1.77 | K8: =G8*J8 -> 95.58
A9: 43849 | B9: East | C9: Boston | D9: Crackers | E9: Whole Wheat | F9: 149 | G9: =INT(F9) -> 149 | I9: 3.49 | J9: =ROUND(I9,2) -> 3.49 | K9: =G9*J9 -> 520.01
A10: 43852 | B10: West | C10: Los Angels | D10: Bars | E10: Carrot | F10: 51 | G10: =INT(F10) -> 51 | I10: 1.77 | J10: =ROUND(I10,2) -> 1.77 | K10: =G10*J10 -> 90.27
A11: 43855 | B11: East | C11: New York | D11: Bars | E11: Carrot | F11: 100 | G11: =INT(F11) -> 100 | I11: 1.77 | J11: =ROUND(I11,2) -> 1.77 | K11: =G11*J11 -> 177
A12: 43858 | B12: East | C12: New York | D12: Snacks | E12: Potato Chips | F12: 28 | G12: =INT(F12) -> 28 | I12: 1.35 | J12: =ROUND(I12,2) -> 1.35 | K12: =G12*J12 -> 37.8
A13: 43861 | B13: East | C13: Boston | D13: Cookies | E13: Arrowroot | F13: 36 | G13: =INT(F13) -> 36 | I13: 2.18 | J13: =ROUND(I13,2) -> 2.18 | K13: =G13*J13 -> 78.48
A14: 43864 | B14: East | C14: Boston | D14: Cookies | E14: Chocolate Chip | F14: 31 | G14: =INT(F14) -> 31 | I14: 1.87 | J14: =ROUND(I14,2) -> 1.87 | K14: =G14*J14 -> 57.97
A21: OrderDate | B21: Region | C21: City | D21: Category | E21: Product | F21: Quantity | G21: Quantity(int) | H21: Q2-10 | I21: UnitPrice | J21: UnitPrice(float) | K21: TotalPrice(float)
A22: 43834 | B22: East | C22: Boston | D22: Crackers | E22: Whole Wheat | F22: 87 | G22: 87 | H22: =COUNT(G22:G23) -> 2 | I22: 3.49 | J22: 3.49 | K22: 303.63
A23: 43849 | B23: East | C23: Boston | D23: Crackers | E23: Whole Wheat | F23: 149 | G23: 149 | I23: 3.49 | J23: 3.49 | K23: 520.01

Sheet Q2 (7)
A2: OrderDate | B2: Region | C2: City | D2: Category | E2: Product | F2: Quantity | G2: Quantity(int) | H2: UnitPrice | I2: UnitPrice(float) | J2: TotalPrice(float)
A3: 43831 | B3: East | C3: Boston | D3: Bars | E3: Carrot | F3: 33 | G3: =INT(F3) -> 33 | H3: 1.77 | I3: =ROUND(H3,2) -> 1.77 | J3: =G3*I3 -> 58.41
A4: 43834 | B4: East | C4: Boston | D4: Crackers | E4: Whole Wheat | F4: 87 | G4: =INT(F4) -> 87 | H4: 3.49 | I4: =ROUND(H4,2) -> 3.49 | J4: =G4*I4 -> 303.63
A5: 43837 | B5: West | C5: Los Angels | D5: Cookies | E5: Chocolate Chip | F5: 58 | G5: =INT(F5) -> 58 | H5: 1.87 | I5: =ROUND(H5,2) -> 1.87 | J5: =G5*I5 -> 108.46
A6: 43840 | B6: East | C6: New York | D6: Cookies | E6: Chocolate Chip | F6: 82 | G6: =INT(F6) -> 82 | H6: 1.87 | I6: =ROUND(H6,2) -> 1.87 | J6: =G6*I6 -> 153.34
A7: 43843 | B7: East | C7: Boston | D7: Cookies | E7: Arrowroot | F7: 38 | G7: =INT(F7) -> 38 | H7: 2.18 | I7: =ROUND(H7,2) -> 2.18 | J7: =G7*I7 -> 82.84
A8: 43846 | B8: East | C8: Boston | D8: Bars | E8: Carrot | F8: 54 | G8: =INT(F8) -> 54 | H8: 1.77 | I8: =ROUND(H8,2) -> 1.77 | J8: =G8*I8 -> 95.58
A9: 43849 | B9: East | C9: Boston | D9: Crackers | E9: Whole Wheat | F9: 149 | G9: =INT(F9) -> 149 | H9: 3.49 | I9: =ROUND(H9,2) -> 3.49 | J9: =G9*I9 -> 520.01
A10: 43852 | B10: West | C10: Los Angels | D10: Bars | E10: Carrot | F10: 51 | G10: =INT(F10) -> 51 | H10: 1.77 | I10: =ROUND(H10,2) -> 1.77 | J10: =G10*I10 -> 90.27
A11: 43855 | B11: East | C11: New York | D11: Bars | E11: Carrot | F11: 100 | G11: =INT(F11) -> 100 | H11: 1.77 | I11: =ROUND(H11,2) -> 1.77 | J11: =G11*I11 -> 177
A12: 43858 | B12: East | C12: New York | D12: Snacks | E12: Potato Chips | F12: 28 | G12: =INT(F12) -> 28 | H12: 1.35 | I12: =ROUND(H12,2) -> 1.35 | J12: =G12*I12 -> 37.8
A13: 43861 | B13: East | C13: Boston | D13: Cookies | E13: Arrowroot | F13: 36 | G13: =INT(F13) -> 36 | H13: 2.18 | I13: =ROUND(H13,2) -> 2.18 | J13: =G13*I13 -> 78.48
A14: 43864 | B14: East | C14: Boston | D14: Cookies | E14: Chocolate Chip | F14: 31 | G14: =INT(F14) -> 31 | H14: 1.87 | I14: =ROUND(H14,2) -> 1.87 | J14: =G14*I14 -> 57.97
A18: OrderDate | B18: Region | C18: City | D18: Category | E18: Product | F18: Quantity | G18: Quantity(int) | H18: UnitPrice | I18: UnitPrice(float) | J18: TotalPrice(float) | K18: Q2-13
A19: 43831 | B19: East | C19: Boston | D19: Bars | E19: Carrot | F19: 33 | G19: 33 | H19: 1.77 | I19: 1.77 | J19: 58.41 | K19: =SUMIF(I19:I22,">100",J19:J22) -> 0
A20: 43846 | B20: East | C20: Boston | D20: Bars | E20: Carrot | F20: 54 | G20: 54 | H20: 1.77 | I20: 1.77 | J20: 95.58
A21: 43852 | B21: West | C21: Los Angels | D21: Bars | E21: Carrot | F21: 51 | G21: 51 | H21: 1.77 | I21: 1.77 | J21: 90.27
A22: 43855 | B22: East | C22: New York | D22: Bars | E22: Carrot | F22: 100 | G22: 100 | H22: 1.77 | I22: 1.77 | J22: 177

Sheet Q1 (2)
A2: OrderDate | B2: Region | C2: City | D2: Category | E2: Product | F2: Quantity | G2: Quantity(int) | H2: UnitPrice | I2: UnitPrice(float) | J2: TotalPrice(float)
A3: 43831 | B3: East | C3: Boston | D3: Bars | E3: Carrot | F3: 33 | G3: =INT(F3) -> 33 | H3: 1.77 | I3: =ROUND(H3,2) -> 1.77 | J3: =G3*I3 -> 58.41
A4: 43834 | B4: East | C4: Boston | D4: Crackers | E4: Whole Wheat | F4: 87 | G4: =INT(F4) -> 87 | H4: 3.49 | I4: =ROUND(H4,2) -> 3.49 | J4: =G4*I4 -> 303.63
A5: 43837 | B5: West | C5: Los Angels | D5: Cookies | E5: Chocolate Chip | F5: 58 | G5: =INT(F5) -> 58 | H5: 1.87 | I5: =ROUND(H5,2) -> 1.87 | J5: =G5*I5 -> 108.46
A6: 43840 | B6: East | C6: New York | D6: Cookies | E6: Chocolate Chip | F6: 82 | G6: =INT(F6) -> 82 | H6: 1.87 | I6: =ROUND(H6,2) -> 1.87 | J6: =G6*I6 -> 153.34
A7: 43843 | B7: East | C7: Boston | D7: Cookies | E7: Arrowroot | F7: 38 | G7: =INT(F7) -> 38 | H7: 2.18 | I7: =ROUND(H7,2) -> 2.18 | J7: =G7*I7 -> 82.84
A8: 43846 | B8: East | C8: Boston | D8: Bars | E8: Carrot | F8: 54 | G8: =INT(F8) -> 54 | H8: 1.77 | I8: =ROUND(H8,2) -> 1.77 | J8: =G8*I8 -> 95.58
A9: 43849 | B9: East | C9: Boston | D9: Crackers | E9: Whole Wheat | F9: 149 | G9: =INT(F9) -> 149 | H9: 3.49 | I9: =ROUND(H9,2) -> 3.49 | J9: =G9*I9 -> 520.01
A10: 43852 | B10: West | C10: Los Angels | D10: Bars | E10: Carrot | F10: 51 | G10: =INT(F10) -> 51 | H10: 1.77 | I10: =ROUND(H10,2) -> 1.77 | J10: =G10*I10 -> 90.27
A11: 43855 | B11: East | C11: New York | D11: Bars | E11: Carrot | F11: 100 | G11: =INT(F11) -> 100 | H11: 1.77 | I11: =ROUND(H11,2) -> 1.77 | J11: =G11*I11 -> 177
A12: 43858 | B12: East | C12: New York | D12: Snacks | E12: Potato Chips | F12: 28 | G12: =INT(F12) -> 28 | H12: 1.35 | I12: =ROUND(H12,2) -> 1.35 | J12: =G12*I12 -> 37.8
A13: 43861 | B13: East | C13: Boston | D13: Cookies | E13: Arrowroot | F13: 36 | G13: =INT(F13) -> 36 | H13: 2.18 | I13: =ROUND(H13,2) -> 2.18 | J13: =G13*I13 -> 78.48
A14: 43864 | B14: East | C14: Boston | D14: Cookies | E14: Chocolate Chip | F14: 31 | G14: =INT(F14) -> 31 | H14: 1.87 | I14: =ROUND(H14,2) -> 1.87 | J14: =G14*I14 -> 57.97
I16: Q2-9 | J16: =(J4+J9)/(G4+G9) -> 3.49

Sheet Q1 (3)
A2: OrderDate | B2: Region | C2: City | D2: Category | E2: Product | F2: Quantity | G2: Quantity(int) | H2: UnitPrice | I2: UnitPrice(float) | J2: TotalPrice(float)
A3: 43831 | B3: East | C3: Boston | D3: Bars | E3: Carrot | F3: 33 | G3: =INT(F3) -> 33 | H3: 1.77 | I3: =ROUND(H3,2) -> 1.77 | J3: =G3*I3 -> 58.41
A4: 43834 | B4: East | C4: Boston | D4: Crackers | E4: Whole Wheat | F4: 87 | G4: =INT(F4) -> 87 | H4: 3.49 | I4: =ROUND(H4,2) -> 3.49 | J4: =G4*I4 -> 303.63
A5: 43837 | B5: West | C5: Los Angels | D5: Cookies | E5: Chocolate Chip | F5: 58 | G5: =INT(F5) -> 58 | H5: 1.87 | I5: =ROUND(H5,2) -> 1.87 | J5: =G5*I5 -> 108.46
A6: 43840 | B6: East | C6: New York | D6: Cookies | E6: Chocolate Chip | F6: 82 | G6: =INT(F6) -> 82 | H6: 1.87 | I6: =ROUND(H6,2) -> 1.87 | J6: =G6*I6 -> 153.34
A7: 43843 | B7: East | C7: Boston | D7: Cookies | E7: Arrowroot | F7: 38 | G7: =INT(F7) -> 38 | H7: 2.18 | I7: =ROUND(H7,2) -> 2.18 | J7: =G7*I7 -> 82.84
A8: 43846 | B8: East | C8: Boston | D8: Bars | E8: Carrot | F8: 54 | G8: =INT(F8) -> 54 | H8: 1.77 | I8: =ROUND(H8,2) -> 1.77 | J8: =G8*I8 -> 95.58
A9: 43849 | B9: East | C9: Boston | D9: Crackers | E9: Whole Wheat | F9: 149 | G9: =INT(F9) -> 149 | H9: 3.49 | I9: =ROUND(H9,2) -> 3.49 | J9: =G9*I9 -> 520.01
A10: 43852 | B10: West | C10: Los Angels | D10: Bars | E10: Carrot | F10: 51 | G10: =INT(F10) -> 51 | H10: 1.77 | I10: =ROUND(H10,2) -> 1.77 | J10: =G10*I10 -> 90.27
A11: 43855 | B11: East | C11: New York | D11: Bars | E11: Carrot | F11: 100 | G11: =INT(F11) -> 100 | H11: 1.77 | I11: =ROUND(H11,2) -> 1.77 | J11: =G11*I11 -> 177
A12: 43858 | B12: East | C12: New York | D12: Snacks | E12: Potato Chips | F12: 28 | G12: =INT(F12) -> 28 | H12: 1.35 | I12: =ROUND(H12,2) -> 1.35 | J12: =G12*I12 -> 37.8
A13: 43861 | B13: East | C13: Boston | D13: Cookies | E13: Arrowroot | F13: 36 | G13: =INT(F13) -> 36 | H13: 2.18 | I13: =ROUND(H13,2) -> 2.18 | J13: =G13*I13 -> 78.48
A14: 43864 | B14: East | C14: Boston | D14: Cookies | E14: Chocolate Chip | F14: 31 | G14: =INT(F14) -> 31 | H14: 1.87 | I14: =ROUND(H14,2) -> 1.87 | J14: =G14*I14 -> 57.97
